username,user_id
afrobeezy,1
doey,2
doeyy,3
doeyyy,4
kinha,5
hackinet,6
aisha123,7
sa123,8
mike,9
alpha,10
alpha1,11
Sachin,12
sachin123,13
maya,14
soulll,15
michaeldadziie,16
000810.fc595c03d0ae41ceae9c93372d24ea95.1728,17
jack,18
johntest,19
000336.91170904bf0a4c49a5318f8dd60bf808.1344,20
socialtest,22
SachinKinha,23
001248.8b63a97c73084e308d4efed904b25afd.1518,24
001455.c12453eb3abb42e2bac55363da6b32d2.0037,25
000863.a8bf84087039412e8af91caa38408d6b.0547,26
000793.d70553f319d94ffaaaa98c40ec68eea3.1032,27
000897.b36aa85b75704545af4a61143f6856bd.1933,28
000956.4c0e951ad8b44ff4954663b6bba69810.0127,29
sarah,30
Truth,31
000205.c9295afebced4ceb96d0f7676a0ac604.0951,32
000147.63cb6bee44e647aab0da3ea7b8645c5f.1033,33
001761.a36ebdbfb3c246beb2d1d03cc77bf009.1029,34
JohnDoeUsername,35
elimisteve,36
000526.db1bae2b0b954016831dbfaea069d15e.0215,37
000546.ecffafac6b704e3eae3a44839033d230.1601,38
swapnil,39
001461.5bcb267016d7471082d9010e18b9782b.0042,40
001087.ad76dd1dee6f476d84c155661df98fff.1314,41
000011.c33f3c2b12f14bf39a63284a6fea5ad7.1330,43
tarak,44
000183.19d306c63be94cfba6181f528710ac72.2250,45
000757.a50e82fd2c4243758e672c0912e1415c.2331,46
BodyByRaaj,47
001998.75e1150cb18e44ff9cb1f599001e1689.0739,48
001909.c212cb000d3246c78b971968f1d1ddd0.1430,49
001893.71341311c5ef4ebf9c3aead59ff9075f.1809,50
001366.a5336ee18c6145f195eef62ba05976c2.0006,51
001134.cbe228b1d6e243caaa5352a62379d7bb.0113,52
Justice,53
000735.6477f6d275254431b394d36073374116.1113,54
000347.a4ff4ec34ca24ad0a9efea5d74dca50e.1526,55
000230.2c956983d2b14256ab00284d84cb7ef3.1119,56
001882.b774dda6b5944728b11963597b76ca95.1203,57
001233.62fc4b0a666d4989a9401e489217b29c.2047,58
002025.8b952605c5154907b93a37250130e9a2.0109,59
000429.2722a574121841829569cbb85737140f.0051,60
000819.9c3b2302f8ae4b23904bfd200d3a8d4f.1016,61
001376.80789f535b434b03bde684bcce17548e.1547,62
001927.63a47dabd2034b889c295bcc1257d2df.1558,63
000303.be708e25264140db8be1cebba7707a28.2119,64
000696.b213405e4294424bb1999815127bfe1c.0425,65
000683.70082eeaa84b4816bb56b966dc9e6568.0722,66
001153.9ff163adaa53430ab00844ddadde6a8c.1626,67
001757.6c51aa3a5f62407b8b6b3503290d7c17.1734,68
valentine360,69
000146.566787d21ddf4b49a33d4431c62af5ca.0546,70
000119.de18077eaf40490a85edd30210cbae60.0627,71
001396.b98149eedfe24164ae08c1b302fffb7a.1805,72
000429.829b1519503b44dbbac1ffb7db5dc5e7.0250,73
001949.5f95384a28ad4fabb67e37ff9884ed13.1142,74
000368.ff6fe91f510347a888a15ec9958bc83f.1227,75
001909.8d1d4e404efb4cb0b9830091a93c3c99.0619,76
000845.0117b20e90f94c87abf936d267958085.1312,77
001439.850d40b149f942c0bc17615c703acc53.1640,78
001246.23a3c98201ad4e00bc193508b62f1be3.2212,79
001825.bda75c650f35418dbc7433e75f0b26be.0343,80
001461.d9bcecc826d44d3682c6e309a7f07466.0431,81
000973.6329fee72b6c4a7eac5c5c313f118a90.1417,82
000488.c3cc5b151bc443dea48f4a3491832cd4.1613,83
001161.b8dc7c652b9c4e3d94a2a43ad1e970ea.1734,84
000819.8879805fec3a4aff85ea0e5e3072fdff.2315,85
001400.ec54d28eaaa64b88b728547cb112006b.0114,86
000560.735b7150b6314ace90906f40902a9134.1517,87
000135.7d5632eabfc54750aaef3c99bce3dd12.2311,88
000648.f6b32b76e36142e0850ccd2f35b3d47c.1931,89
000702.fd53573a0624455ab6551a361cdcecb3.0941,90
001208.28622c9e155e47c78dc9b3cc55590246.1441,91
001949.aa1059d9e7f54ec8b01c725ec02dff98.0716,92
001732.caafd7fd480e473d9b86f4005b416ec5.1331,93
000785.5569a801bd0f468aa0027e0b2cdfcbe0.0537,94
001590.c6f0d08d09684169bf1b52f51aafa4f2.1149,95
000249.6addf8b5d6fc4829b1876114550376ce.1913,96
000124.59518098dba04f8982129e74e368724a.1733,97
000706.2c5bf0f5e9314d65bf19cbbf94ecae58.2004,98
000186.d4687ff496ac4c9a9adb7326259c48a3.1606,99
001359.5e8c56d29e964c9294d5ee61784d76d1.0834,100
000568.e5ed4277bffc4b98b1c589d35093236b.2222,101
000857.182c2b5d4d044cd1ac93362ad4392d68.0230,102
000919.d9cce8c35ae842e5beb5887020d8b456.1707,103
000856.2873ccae33b2432aa0e1489dad2a2359.2334,104
000606.408ee1b543a94be590caf244deb248c1.0417,105
000620.c43b0b69c0534c808822757e73218909.1242,106
001061.dcffcb7d1bc04b7aa638d432e1755239.1706,107
000547.2686f0eadbde477f90df859bff527707.0745,108
001581.7bcdbe4d29a242b289e3d566c6809b8a.1342,109
000964.cbb458ef57e74069892b70063cd3c332.0339,110
001818.f60d304c9df04fc48d1f360ef3fcb35c.1137,111
000954.a1b1b8691086425395549e1214138cce.0819,112
000258.9ec2cf998e8942fdbc5f214ff44ec1f8.1236,113
001890.4dc2bf2582de4b998b5af3e3c9802cfd.0720,114
001840.2c8a84a02646431490c233fc7de02aea.1135,115
001384.c2eeb53572a14411b27eb75b4ddf7f74.1233,116
001603.a40d39b238f7498ea8f1f064bee1513b.1916,117
000225.d07dfdefa3c14ed69bdd16e98d72d7ca.0427,118
000500.b8e5dd0c46c540c1b32b8e256bf046cb.1542,119
001507.1eb692acc08a4b44bbc6eada27e02200.1838,120
000802.5c7216317e8e48ab8c592b71002c275f.1224,121
002005.9784b8c45dee4321ad2436fda4bbefba.1525,122
001930.6b8267f0024d4982a453de700fcbe4e6.0618,123
000129.26aa5b87df3c40a4b9fe9bf3c8e0a5a3.1318,124
001778.ccac94eb9ffe4891b39c52c5b59e31a9.0748,125
000785.b3c34731d49f4e85bb80c2bcf6b49169.1006,126
001677.1820678c912b4be486da8473fd95f2a6.1418,127
000492.7022bedb618548a8bb612355d20465e7.1748,128
000523.0a74eb1504d345548c6e1f7948b9bc97.0240,129
000415.1022f93a88bf4a95be24f9e48c1174ce.2129,130
001579.d904e21e6eae48aaaf568ca5469b5b5f.2251,131
000304.4317e53a29ba4e748f29a4b5606665f7.0313,132
JORDANFLAMEZ23,133
Jordan23,134
aisha,135
000398.0b487dd6dfd94e18bf632fa82091ef26.0927,136
sachink,137
sachinkinh,138
sachinkinha,139
linxwa23,140
linxwaa23,141
002034.cf7ab7c9b50644eb844d56ae03211175.1413,142
anna,143
ajay_06f4l8i5c,147
nikhil,148
sky143,149
rajsingh181876,150
deepanshu_01l0i0c9f,151
Dev,152
tusharsoni1205_06l4f0i6c,153
nisha,154
Rahul,155
Prajwal,156
RAHUL_KINHA,157
bx4dt2kg7r_05f9l8i9c,158
Swadhinms,159
Rk24,160
vocal_06i7l9c3f,161
rdzz8b5xdx_06f9c0l8i,162
kajal,163
jg6r97svhn_00c7l4f1i,164
priyanka_07l9i4c7f,165
ruta.labrence_09f9i4l6c,166
ashish200_04c1f4l5i,167
g2c69vw4vh_03l2i3c6f,168
v9s7xdmw82_07c2l5f4i,169
suryansh_02i4f6c4l,170
m4qq6bkj9b_08i8f3c1l,171
sombir,172
Umesh,173
luca_08c6f2i5l,174
päivö_07f3c6l3i,175
lisa,176
poonam_07l0c4f3i,177
nyrssfbsg2_01f2c8l6i,178
sachin_05c5l0i4f,179
abel_01l0i7c9f,180
jatin.heyall_02l2c6i2f,181
kaustubh_00f7l1c8i,182
rohit_07i7c4f6l,183
elizk,184
vicky,185
4qvt86mssj_09c9i6l8f,186
mridul,187
bvhhcm6xft_06i7f7c5l,188
rg4kdtcmv7_06c4l8i2f,189
nteeple_08f6i0c1l,190
y77p9t87rq_09f8l6i0c,191
pooja,192
6pfpgjn486_02c0f2l3i,193
python_05i5c2f6l,194
udit_dev,195
suresh_02l7c5f3i,196
rohit_00c5l1i6f,197
s8tmkb449q_06f5i9c3l,198
2xjg4k2fz4_07c9i6l4f,199
abid,200
nuage_08l6f6i0c,201
magdapiecyk057_02c1i5f0l,202
maker,203
tk88pg796j_06f4c7l0i,204
2q4szp5nyx_04l3c3i7f,205
x82jcfhwzx_00l4f0i7c,206
fv4n7grgqr_09c5i3l4f,207
6xrb7yn9fy_01i9f6c7l,208
vvx8b8fgww_03c4l7f5i,210
gcbtxrxzhf_05c6l9i5f,211
dbpzxrb2ft_01f5l1i4c,212
kdq82crxf8_08l8i7f9c,213
mustansir,214
y8chygndb9_09l4i8c4f,215
Prackhar,216
h7yswq8cnk_03f9l4c1i,217
f86gp2q8kj_00l2i5c8f,218
r59b7mh6xh_06c4f3i2l,219
vxrnkr57kg_06l9c1i0f,220
w2g5dqhbsn_07l8f6c7i,221
sqrdkh4d75_05i8l7f9c,222
2nhd4jykw2_05c9f0l0i,223
khmhtttgx7_09i8c1l1f,224
ysc2vmrbrz_04i1l5c4f,225
wd9f9hqdfn_05l1f6c8i,226
nmkcf97tg2_02c5l5i4f,227
ksnwt9t9qm_03c0l3f2i,228
fvkvmjk426_02f1i4c2l,229
7fqvbvnqcb_06i9c6l9f,230
7ntfrgw654_09f7l9c3i,231
h8j5r6z7wv_00l2f8c1i,232
rishbh_01f1i5c6l,233
sandra_08l0f1i2c,234
wy8npv6k66_09f5c5i5l,235
qpk99tjwkq_07c9f6i1l,236
yy7hkz8nyg_00i2f0l3c,237
pvrz52ny8v_03i6f5l6c,238
986dmqdh64_05l1c6f0i,239
dhiksha_29,240
hd88f4vv9n_09c2l1i8f,241
sdfmsqj48b_05l0f1c1i,242
rastogiyash29,243
krfx2x82dw_00i6c0f1l,244
yxcc25c47z_07l5c4i9f,245
t9kthcckt9_02f1i5c1l,246
cgsg87d8tt_09i5l7c6f,247
xn9wwp4g8w_04l4i4f1c,248
qwvnq9ysmc_04c7l4i3f,249
hdc9zzgtt4_02l5c3i5f,250
d6m7rhf24h_09i9c0f4l,251
dtcvj4msd8_04c2l1i5f,252
54nxbwwpxy_06i5c7l5f,253
9w5nrwpjx6_01f3l7c9i,254
hg92r6hgfd_00i0l1f4c,255
nm4dd7pp7t_09i9l4f6c,256
wttmfd2fz4_00l1f9c8i,257
mm7zk98fvd_03i1l8f6c,258
sf92ppqrtt_05c8i3l1f,259
t8p248kv6t_02l2c7f6i,260
g586jz4z4n_06i2l8f7c,261
t7j5s6jg59_09f1i0l2c,262
2ppfb4ktsb_03i5l4f7c,263
thfbtktwkf_06f6c4l7i,264
tqbhyyqgmd_06f1i0c4l,265
hamzaj,266
Edis38,267
78nsj66c9v_05i3f6l5c,268
2qgfw8r9cw_03f5l0i1c,269
yhz9pg2hmb_06l6f8c3i,270
v87yznbvh5_06l1i9c5f,271
kaizen,272
attah786,273
Denokhan,274
gz2xyfzfwd_03i4c6l3f,275
garra100,276
9tr46b4p7g_08l0c0f1i,277
bc4xz7fnxt_07f8l8c2i,278
scs8yqrxyq_08i8f0l0c,279
6vggc4mbq9_03f2l0i6c,280
Nimer,281
tonieyip913,282
oalanrobert32,283
Giovarg,284
kugacdvcm,285
BeticoDoge,286
beast89,287
Proma,288
rx67j9r86b_06f4i7c6l,289
d4vbzx5xfg_01l4i4f8c,290
Hayu,291
xrktpwkym7_03c5f4l8i,292
jenda7,293
q9kbqfvkbq_02i1l1f4c,295
Ramzan,296
kumar,297
tgabriel,298
diassis02,299
m123,300
tcfhc7q2dn_05i7l5c7f,301
Mamede,302
krissland,303
y4s4fpgv4b_08c8i6f1l,304
nwqzwppcqv_01l1c2f3i,305
jjfh49qs8q_05i2f7l8c,306
ouais,307
Dan0315,308
lengochuynh,309
8z7xyd4zcz_02i9c1f4l,310
omoregie,311
omoregietd,312
Pann,313
Donvictor,314
deeptok1,315
Hotsun79,316
82cz9wccs2_07f7l8c3i,317
Andrej,318
lumir,319
jyjp4p9wp4_09i7c6f9l,320
collins356,321
U1236,322
TMAMETH,323
Jorge,324
Alexsis55,325
ATMLAN,326
4qpwhm4kbt_02l4c0f7i,327
qvknwfrh6b_08c1i7l7f,328
koko,329
Nugraha,330
Logan,331
bymmbp79j5_09c1l2f8i,332
jvbz9xn2d5_06c3i9f0l,333
mhqh8cq47t_04i4f4l1c,334
frdqrsbpw5_02i6f4c6l,335
maeler,336
kyxxjszkwv_01i1l9c1f,337
cj5825yndb_02i4c0f7l,338
zgnry2mxd7_03f1l2i9c,339
rafikanwal1,340
divyanshu_08l6f0i9c,341
john_06c8l5f2i,342
asjad_06i2f5c6l,343
ramesh_03c4i1f7l,344
shashwat_06f1l5c7i,345
nicksuper233,346
spammer,347
chandra_04c7i6l7f,348
spammer350,349
prnv_04f6l4i4c,350
dhruv,351
money_09f1i8c5l,352
nishanth_04l5c8i1f,353
shivam_05c2i5f0l,355
aniket_00c2i9f6l,356
neeraj_00l8c0f3i,357
gopi77,358
rabi,359
yogesh_05c3l0i5f,360
Test1,361
hello,362
sheshipreetham_05l4c9f9i,363
rajankit,364
anuj_03f2i6c0l,365
sarita_00i7c9f7l,366
xyx,367
ajay_09l9f7c3i,368
harshsingh,369
harshsingh67,370
subroto_02c9l8f3i,371
eyekiller_06f4c7i3l,372
nidhi_08i2l5f9c,373
ayush_04i2c8f1l,374
howthetop,375
ujjawal_06f7l1i8c,376
rutzz,377
killer_05c2l8f3i,378
john_05f7i5l8c,379
sahilbh996,380
abcd,381
pancho,382
afro123,383
crazyboy_00f1l9i5c,384
jiya_02c3l3f4i,385
t88rx8n8yk_00c8l0f7i,386
sharib,387
john_04f5c8l5i,388
prince_06l3c9i8f,389
ravideep_03i4f2c7l,390
ra_04i5f4c7l,391
nisha_07c1f5i9l,392
s92cj7ktbp_00f0l3i9c,393
nityam_05l6c7i1f,394
bb6mktxssn_09c8f1i9l,395
dhruv_01i7l9f0c,396
shubh_04f6i8l6c,397
rudra_08c2f5l9i,398
k_01l3f7c3i,399
Krishna,400
mojito_09i6l1f3c,401
morte,402
rakeshyadav,403
adi_18,404
Yashu,405
sanjeet_03i9l6c7f,406
codingcafe,407
nitank_00f8i8c4l,408
smileeh7,409
TheImperialOne,410
sumit_06i5f8l0c,411
ishita_00i6l5f9c,412
mohammed_08c9f5i7l,413
sagar_01f5l6c6i,414
krish_09f8l3c5i,415
onkar,416
prakul_03l6f9i9c,417
muhammad_02l1c1i8f,418
shish_04f8c5l7i,419
athif_06i9f3l2c,420
ajay_01c7f0l4i,421
mark,422
gozali,423
mmmm,424
mmmmm,425
lakshya_01l8c0i4f,426
atul_05i6l7c3f,428
shekhar,429
jp8mdbhwq7_04i1f6l5c,430
taurusaman,431
test4test,432
shubhangi_04c2l7f7i,433
gopal_03i5f8c6l,434
sahil_01i6f0l9c,435
gopal,436
abhishek_04c8f1l0i,437
testi,438
shubhang_05i0f8l5c,439
t6xhhtdptn_06c1i2f5l,440
mohamed_02f3l7c0i,441
tfmhjxkd5y_01c2l0i2f,442
yas_09l5i7c4f,443
saurabh_06i3f3c5l,444
shreshtha_06c0f7i2l,445
ajay_05i5f2l8c,446
ghost123,447
ankit,448
nickfisher,449
sudhir_04f9l7c4i,451
igor10,452
subroto_2c3g6l,453
mannai_01f6i8l9c,454
test001,455
test002,456
9c5wcn59b6_05i0f3c7l,457
chendinghui,458
niko,459
biswariadi,460
biswariguptaadi,461
w7mv5yyvhy_04i3c5l6f,462
Eydrian,463
q4g46v6sfq_00f6c7l7i,464
harshal_08i9f9c9l,465
Sharibb,466
Tanisha,468
anurag_07f1c2l9i,469
RanaKim,470
saksham_06i1c3f7l,471
aditya_05f9i7c1l,472
good2,473
black_07i9f0c9l,474
sachin_03f2c9l3i,475
warrior_00c7l1f3i,476
kushalasho,477
dixita_01c7i1f5l,478
raj_02i5l1c3f,479
abhinav_06i2l1c9f,480
hari_06c0f3i2l,481
raj_03i0f2l1c,482
afro15,483
himanishm25,484
srujan_09f9c1l7i,485
anikettcodes,486
Mahaveer,487
ps29,488
ritik_07l6c3i8f,489
non,490
Hakim532,491
ahammed_01c0i8f5l,492
lody20,493
temp_05l0f5i5c,494
parth_02i1c4f4l,495
Memo,496
iniyavan_08l4f7c6i,497
speedo_02l7c0f1i,498
sanskar_01l3f3i0c,499
Kushalasodia09,500
Krishnahh,501
mannaiomar,502
sumitThisSide,503
tulio,504
Hwilly7,505
dhruv__,506
krishna_05f6c1l0i,507
bewin_02c7i8l7f,508
edward_09l1i3f9c,509
mannai,510
arya_03f4l7i9c,511
riya,512
Hellouser,513
marcioamerico,514
newuser,515
divyesh_09l9f6i3c,516
tushar_07f8c5l3i,517
KrishnaRajkumar,518
nyvcg42yhg_06i1c7f8l,519
tw8mfvcpc2_05l8i6c5f,520
tester,521
darpan2004,522
Test_one,523
zoro,524
zoroo,525
Hirvaasho,526
kishor_23,527
Hola,528
kkkkk,529
yash_07i4l5c1f,530
8snhkmkpkt_03c0i7f6l,531
Donvictoo,532
Nami,533
ujjal_02f0c5l5i,534
mansi_09f1i8c7l,535
Hoho,536
Hehe,537
அ_04c8i8l7f,538
Hihi,539
sandaparthy_08i3c0l8f,540
Hphp,541
shri_08i7f8c2l,542
dominador69,543
Hkhk,544
khkt47tfxc_07l3i4c6f,545
Kush07,546
aditya,547
aryan_05c2f6l7i,548
teewrath_123456,549
khan43rk,550
user,551
testapplicant,552
niraj_02l5f4i1c,553
satyam_09c5i2f1l,554
Hjhj,555
himesh_04l8c8i7f,556
zorroxo,557
nandanmagdum,558
zorroxooo,559
jv2mg7y6vd_08l0f5c2i,560
ujjawalsingh045,561
Asas,562
tester2,563
HimanshuSinghBora,564
govind_00c2i3l8f,565
lucky029,566
hemu,567
mahidhar_07l9f9c5i,568
jyoti_07l5c8i5f,569
himanshubora74gmail,570
every_06i6l1f8c,571
rama_03l2c3f6i,572
srishti,573
HomAy62,574
kelokelo,575
dsingh,576
hellhole,577
manish_02c2f6i2l,578
prabhu_01c1f0l8i,579
5v2479cfvn_09f4l4i4c,580
sahilbh123,581
Lucky_930,582
ansari,583
zoya,584
anup_05f8l3i0c,585
zebjhui,586
test2,587
kushagra_05f6l1i8c,588
Schelo,589
yangyangl,590
anupam1897,591
bharath_07f6l9c7i,592
sabah,593
hero,594
bongbanerjee_123456,595
iniyavan_04c1i8f8l,596
iniyavan_01l6i5f3c,597
Onkar1234,598
Test369,599
2ydxd4x9sr_02c7f6l0i,600
chipichipi,601
obynomee,602
x_ashh__00l8f4c7i,603
test567,604
kachua,605
delulu,606
del,607
897tgb6bjz_02c9i1f8l,608
Dikii,609
ml1234,610
mhkk,611
xworld2024,612
kilo,613
jatin,614
demo,615
g49g2658cb_00c1f9i1l,616
pzwbfwtkd8_07c7i0f9l,617
longfeiwow,618
auliainsan,619
fossclub,620
_ektapandey,621
ekta_06i0f1c2l,622
Eric,623
q2bf4f486n_07i4f1c5l,624
sanju,625
raunak_07f4l9c2i,626
devil_02l9c7i0f,627
asdf,628
dev_04l7f5i9c,629
omorfuz,630
Onkar12345,631
New1234,632
New12345,633
New123456,634
ac77904,635
bz64tjkrpg_06c8l8i7f,636
piyush_02f6l0i3c,637
usmna4040,638
sahil_03f4l2c3i,639
sandy,640
himanish,641
himanishm,642
aniket123,643
test678,644
test6789,645
test456,646
dixfobby_05c8f2l6i,647
test45,648
test451,649
zdzhcgf4hx_07f3l4c3i,650
manish12,651
Hackermalware999,652
killergtg,653
prodeppal21,654
kat777,655
lordofficial,656
rimosa18,657
soncuyi,658
dona,659
ghost13,660
picomax,661
hellowordl,662
nrhrpqrj8p_07l9f8i3c,663
snehdeep_04f8i4c4l,664
himanish25,665
tesla,666
sahil_chahal,667
pejn22,668
5snqw7c7nd_08i4l3c5f,669
tp1234,671
talipugur,672
Oktaj,673
katyanka,674
p5nmx8j2kd_08l2c2f5i,675
axn,676
ybm5zdxsk4_04i9f2c5l,677
sunil_04c6f2i7l,678
unknown,679
Joel,680
ankitraj,681
gdgshw,682
ypwtmtyzzh_04l5c5f6i,683
qwerty,684
paramjeet_02i1c5l2f,685
mohit_04i2c7f2l,686
vishnumurthy,687
abhijeet_01c7l5f0i,688
crypto_08f4c5i4l,689
mbfbt9pd7r_03f4c2l4i,690
Ganew22,691
Danard,692
arivgups_09l9c2i4f,693
aditya_05f9i7c1ldd,694
gabriel_09l6f0i5c,695
d9nw9wvwxk_01c7i9f5l,696
snz,697
harshsinghh,698
xujun,699
desmond,700
qwe,701
ypk4my5sq9_01l1c4i8f,702
gami,703
nirdesh_09i8c0f8l,704
egop1998,705
mangnans,706
Boutga,707
Boutga1,708
qweewq,709
Brenolinz,710
f76tdzk2zv_00c2i2f4l,711
Shunbtc,712
Samir77,713
vygpgkcg6n_08c2f9i8l,714
diegom9,715
Abdoul,716
Vikay1,717
ckcn6bf228_03c5f1l3i,718
Andy00,719
marufboss,720
Serpientedeleden,721
ethan148h,722
sami,723
Fern240,724
xgdz2yhtnb_03c5i9l5f,725
fby4hrmw75_09i4l4c4f,726
hdh24kjgy4_05f3c9i8l,727
4bp9jpsjdc_09f5i2l1c,728
ibrahim20,729
ybctjr2q9r_01l6i9f7c,730
sq7dkgywcb_06f8i5c3l,731
Ruchi,732
Francimary,733
j54ksbnpbd_05c8f7l3i,734
zt95pf2r5v_01i6l0c6f,735
nbrzwznjgz_09f1i4c5l,736
test,737
d7q69hjr7y_05c8l3i5f,738
bzfrfqqxbf_04l9f0i3c,739
laszlo01,740
Fikiaang94,741
Ziaul9553,742
Esoteriq,743
vigo12282,744
Daro,745
ozoz1,746
whlghw,747
17843603361,748
MalikZubair,749
ckkn8999,750
tazatzavip,751
Ragnar9433,752
ViktorBal,753
kingsalem,754
oge,755
noelbkl,756
Ahonye,757
sidsgolb,758
beniko,759
sampath99,760
sampath9,761
t8nb4ws6m7_03c9i4f0l,762
lprodrigues,763
adonesir2,764
Atherwolf,765
Nanangb,766
Magdalena,767
qwwjywrxgw_06c0i4l0f,768
ailleen,769
kqp9xd969d_03l3c6i7f,770
vmykqrtjpt_09l6f6i7c,771
Cjunior08,772
inis,773
Karen4ik,774
q9kq2k2wc7_01l6c8i7f,775
suryansh29,776
ijayudota,777
Tri012,778
xk2qmzchym_09i2l8c7f,779
re3a,780
Proma0162,781
alane,782
7v9ygds4cq_07l0i4c3f,783
Cihat,784
xjxrvybyym_00i1l7c9f,785
g55cyzn2cy_06i0c5l7f,787
chww57nsdb_05i9l4f2c,788
nc7yggr62q_01f6c9l4i,789
jgghd6kvgx_07c9f0i9l,790
8rg4cxwnpq_07c6i6f1l,791
kokonaing,792
fany,793
Mdrasem100,794
ctnstvg9gp_06l1i6f4c,795
Bibas001,796
legionariobr,797
rcxmqnwgwv_03c2l4f7i,798
atahilaye,799
bah,800
p9qyfvvz2b_08i0l7c9f,801
dqgq2hnnrb_00c4l2i7f,802
maryuris_08f5l0i1c,803
sgcdvjvqd4_06c1l4i2f,804
kjy8frhg6t_08f2l3c8i,805
2qxkmcfcf8_05i1f7l8c,806
zfrhbq9r2d_05f4c7i1l,807
sakthi,808
Virtualbags247,809
djeniffer,810
xnpkyx6frj_01c8l9i6f,811
gnkjj75j8p_01i0l8f9c,812
ahamadououmar,813
JoserasR85,814
DavidCristone,815
aldisinih,816
Jastine,817
dawiztoken7,818
ykb4rsdf7d_07l6c7i4f,819
nisika,820
fw965r82fc_01i0l1c0f,821
w2yv9c4t6q_08c4l6i2f,822
m2bk6t6hhf_01c2f3l5i,823
junaid6778,824
codetsimon,825
fvkktard,826
Andy,827
skd9zscrkr_08l6c9i1f,828
maiami888,829
djg2wkrzzn_02i0l8f0c,830
nikesh_00l4c3f8i,831
k2npnj9bvm_00i7c4f1l,832
8554,833
ndbdndhdj,834
King89,835
Benjilamotte,836
ibrahim,837
Topalosman,838
dewanata,839
cdnxkhzz5v_06c4l1i4f,840
zwtj57jgd5_03i5c1l3f,841
qbt4pqmfvy_05i1f3l4c,842
Davide8666,843
maxxer,844
v5wp8bb554_06i4f3l5c,845
baby23,846
8mvc4qkppm_02l8c6i7f,847
RCKAYSER,848
dd5thdg89c_03i3f2l9c,850
utkarsh_7905,851
87gh42bmvg_06f9i4l9c,852
Vytautas,853
fofo7298,855
sandy25,856
ouwentao123_03l4i3f9c,857
mentalhealth11,858
scq2cb9yy5_09l8f5i7c,859
2r6m2grxsy_09l6c6f6i,860
blockchainxmarkets,861
afzalkhan123,862
cupu,863
k7tdqgjdhv_09l4c9f3i,864
swapnilsharma_08c4f2i8l,865
ss8wwpjmrb_05c2f5i0l,866
nxmxhwh2pw_01i1l6f0c,867
vg4c7chw8n_09f4c1i4l,868
jk786786,869
cdzan87,870
Aivars24,871
bmw,872
hh8nthqqkf_04f6c2i7l,873
Eduard1,875
aldrey,876
Yusuf2811,877
2nbfph2txr_02i9l2c6f,878
nihal,879
keru,880
Jcic69C,881
CryptOmineR,882
Z10000,883
EskaVentures,884
Aziz,885
Apollow,886
RanaIslam1234,887
kjkxhvcf6r_06l2c3i6f,888
7hgkntz7px_00c2f9i5l,889
Roben,890
jannat123,891
rengoku,892
junaidaslam,893
matjunaid3132,894
emmm,895
v6479wns5f_05i6c6f7l,896
CeeCeesoftball17,897
v6qjy726b6_06f2c8i4l,898
afreen_07l2f8c3i,899
j47qtvsshz_01c2f7l1i,900
x2pgwwshqv_05i6f1c7l,901
rmtbknpr4b_00f8i1l4c,902
bmw10,903
bsoheyb338_02l7i7c9f,904
yaniamichi,905
junaidaslamja3509,906
mjunaid1234,907
daksh_bhardwaj,908
pjnrmh9k4f_07f7c0l6i,909
viktor123,910
jtgm57gfnb_09l1i9c3f,911
tmckira,912
f9vcscfwrr_00l3i6f2c,914
9f6xdvghsc_06c8i5f4l,915
pq9mbc9h66_00l0f5c9i,916
wx9whqhvm5_05l7c1f3i,917
jyntm7n5h4_09i4l3c7f,918
john123,919
p7xfh6hfhb_02f1c3l7i,920
gtogame,921
homegto,922
kokoko,923
lololo,924
Jeremiah,925
nd9djv6w66_00f9c6i4l,926
sanjana_yadav_1409,927
v7f8crm48n_09f4i5c9l,928
pstfm7dgtz_04f5c4l9i,929
Swati,930
Hijunaidaslam,931
p9y4hw78kp_02f6l0i7c,932
xprbcghkhy_03l2c6i5f,933
h8jnh284hw_02c8i6f3l,934
nvpgzjvdmk_07i4l0c3f,935
vanced_04c9i4l5f,936
kbhlb,937
dqbgmg8p95_03f5l7c2i,938
7sb695rvr2_04c1f2i2l,939
gnhy45x9rg_00l7i2f6c,940
MarcoAhmed,941
cfzy,943
mvrrfr76hz_08c8i6f9l,944
x4n6x7z2ty_02i4c2f6l,945
Jerrylopezgives,946
g592fmyt7k_00i5c0l8f,947
rtjkxkgsmj_04f2i3l4c,948
raosachin,949
qg8z4q4m7w_05c6l7f6i,950
rmg5wgdvhr_07i3f2l0c,951
Junaid95,952
mohamedmostafffa_07i8f5l1c,953
wczh5s2rnw_09f7i2l1c,954
epulier_09f7l5i5c,955
candy_pop_04,956
bgqkb44cgk_04f5c6l1i,957
master145,958
neha_07f5l9c7i,959
rakesh_00c3i4l9f,960
sidharth_08l6f9i5c,961
jswrxmj6pm_00f8i7l8c,962
n6qvzvn7qq_07c5l2f8i,963
RohitKamble2233,964
www.vickysarkar77_09l3i5f0c,965
asha_07l0c2i7f,966
sidequest,967
pxnm5nzdrn_08c6i5f0l,968
6wj8txxz22_03i8l1c5f,969
mithilesh_04i9c2f0l,970
naina321,971
8ksg55gwyp_02f5i9c8l,972
4cj96fxzd9_09l2f5c3i,973
jas_09c9i3l1f,974
dmpygn2297_02i9f4c8l,975
88hcht5v7n_07i6c8l9f,976
little_06i7f5c9l,977
26rtkb9qq6_06i7c1f0l,978
shubham_09i7c8l7f,979
Ivan,980
nidhi,982
8vmxhgpmhq_07f9l7i8c,983
linglong,984
test3,985
nuage_08c3i7l7f,986
8vywqsfchn_01i0f1c5l,987
Coolgojo125,988
qtz89brzvp_06i9c0l3f,989
hybx7cfkcg_04f7i8l6c,990
67rvbcgfbj_09f0l9i9c,991
s6dtjtjngf_07l9c5i3f,992
587dhr69r9_07c0f2l5i,993
cybersoul,994
4r2dw787vj_08c7l1f2i,995
bzj72nqgpn_05l2f0i6c,996
bdhdjs,997
7hqh8kgpp5_05l4f5i1c,998
55y2bqrd9r_06f1c9i4l,999
yd9qx7fnmq_04l5i7f9c,1000
k7r5c7m6rc_01i2l6c1f,1001
rx55s68n55_09c8l1f0i,1002
85ffwbgxyq_09l7f0c2i,1003
g22r8564gh_04f6i7l2c,1004
t6dc9d52hy_01c3l9f5i,1005
JdVision,1006
t27w6xdbgq_08l6i1f3c,1007
cpjfvwjmcv_05c0l8i3f,1008
55jzgyw2nh_01l5f0i0c,1009
shivam,1010
6csh6scvk2_07l9f9c7i,1011
self_08c7l4i8f,1012
PHOENIX,1013
9tcbd28x77_03i0l2c1f,1014
yjnywzpbwc_08c9i6l7f,1015
xkzvdj57xj_09f7c9l8i,1016
nuage_08i0l4c5f,1017
2mhdbqqk6q_06l6f3i1c,1018
4nk89yj727_01l4f9c7i,1019
nqcm2j7bmx_01i4f5l1c,1020
2qgxvd86ct_03l9i5c1f,1021
wkfkp8k9ym_06c2l5i9f,1022
z7z7wgwkv8_05f1i1l1c,1023
g5r9kj8498_02c6i7f1l,1024
vfftrt8t6y_09c6f7l7i,1025
r8fscfrrnd_08l4f8i4c,1026
ymvhp8bd7c_09c3i1l9f,1027
d29ykjcqws_04l3f1i7c,1028
j54ftgw7fy_09i6c5f7l,1029
6b6qcbpngh_04i1f0c5l,1030
cmq2cmqvty_00i9l2c9f,1031
test4,1032
test5,1033
xftjbfbbkd_08f5i5l7c,1034
5xq8ys4jq7_06f6c5i0l,1035
bmmvrgy8ky_08i5f4c7l,1036
ryfpz4bwkw_03l0i9c7f,1037
w5snn4qbkx_07i7l8c3f,1038
blaze,1039
z68fbdxf5d_08c5f7i8l,1040
6tvvjykcr8_04c6i0f3l,1041
s78mmjq6g2_05i1f7l1c,1042
dk6kvjzwj7_01c3i7l1f,1043
69j5qn5bjv_03i7c2l6f,1044
Saauud,1045
testuser,1046
8665f6v4ty_04l4i4c4f,1048
dch45wvxh5_03i5c2l1f,1049
bpn7hpvdj4_08f7l4i3c,1050
w2tkvc9462_06f6c3i9l,1051
dfqch8sygc_00l1c0f0i,1052
97zj9p4gjj_04i4l7f5c,1053
adarsh_02l8c2i6f,1055
9ywhbxqkgc_07c1f0l2i,1056
vqj4hbhsj6_08l3i5c2f,1057
cffmphsg6j_01c0l8f1i,1058
4mtykfxnn8_09i9l0f1c,1059
m6mytr2jmn_06l5i9f5c,1060
tcfz29tyyg_05i0f4c4l,1061
pffd8kzm2j_09i2c8f4l,1062
vfksbg5knp_08l8i2c9f,1063
f96jwrdcpy_02c3l3f7i,1064
pb52qdxkm6_01i4c3l3f,1065
rkr5tzwd9j_06l9f1i5c,1066
sr2wx4fgdq_02l8f1c8i,1067
wfzvrjczd9_03i8f8l7c,1068
b7wntbnsk6_07i2c3l9f,1069
8fjrqq6bf6_09f0c3l8i,1070
dnjdjd,1071
qv9dvmhc89_07i4c3f1l,1072
xftqnhfpjz_08l1c8f7i,1073
adarsh,1076
cbpb4xnxqg_09f8i1l5c,1077
8k66kmk25k_00c1i3f5l,1078
myb7df6yqb_08l6f8i8c,1079
ncyhp4tb4y_08f2l9c7i,1080
katyanka214,1081
db5mg2p55n_01i9c5f3l,1082
f49bvmkcqy_09f1l1c7i,1083
wvjhxhcpmv_00c2i9l6f,1084
ctrxqs46ss_09i9l3c0f,1085
sz8k6ftqgc_06c3l2i8f,1086
deejer11_04i8l7c1f,1087
9c72vmwxhc_06c3l2i0f,1088
y46xtt2gxq_00c8f0l9i,1089
2gyjjv6q4g_08f9i7c8l,1090
sqw2kcnmd2_05f6c6l8i,1091
5cj4252j2m_01i1l8f5c,1092
ashlee,1093
7ny8phytbj_07i6c4f2l,1094
77jr9qbknk_04c0f1l8i,1095
alaga,1096
mjg2mscvj5_02c9l6i4f,1097
sumit_06f0i2l6c,1098
rahul88,1099
ncoajfpoa,1100
bugawon,1101
charan_04i1l9f5c,1102
sudha_07l5i1c3f,1103
abdulrab_03f8i0c1l,1104
Dylan,1105
Stedmankine,1106
shivam_008,1107
karen_09i9l8c5f,1108
sydborden,1109
createathon,1110
75dtgnggth_06i8f6c0l,1111
kingFern,1112
gxxh8h8v9w_00f7c7l1i,1113
dimitry_03i6c7f9l,1114
maya_02c9i8f1l,1115
tmwyn29vrh_07c6l7f2i,1116
Sanket17,1117
brotoseno43,1118
m648dhjr72_07l0f3i9c,1119
teju,1120
pranav_07i9c1l3f,1121
ray_00f9i6l4c,1122
saaladiin,1123
osting,1124
g5yb5sd5xt_05c4i9f7l,1125
Sylvain1,1126
wisdom_02f6i9c5l,1127
Emmanuelodoh,1128
kev,1129
Slindoh,1130
sam_altaman,1131
bloomscroller,1132
Rezelite,1133
charles_03l1i9c7f,1134
Zainnox,1135
kskrcjkskrjdje,1136
Money,1137
hamza,1138
6zrzjqyvc2_06i1c9f0l,1139
dhm7jh9264_06l8f3i5c,1140
h6n4gmnzb5_01i8c8f0l,1141
g555qrc6cp_08f4c5i8l,1142
navlesh123,1143
todkar123,1144
zywzx6v899_07c1l6f9i,1145
4z2sqmfd27_06c8i0l4f,1146
aye,1147
ibrahim_02c7f2l5i,1148
kunalarya,1149
Imsakshi,1150
pratik_05i6f4c4l,1151
devika_09f5c0l1i,1152
sudharsan97511,1153
lavanya,1154
lavanya05,1155
jayansh_04i7f5l7c,1156
omkarG,1157
diksha0308,1158
akshitsh22,1159
n190110_03i8f8c2l,1160
lien_04f2l2i1c,1161
sowmya1123,1162
prathamesh_02l0c0i2f,1163
ayooluwa_04c3l8f2i,1164
uday_06f6l7i3c,1165
beastmaster64,1166
beastmaster6465555,1167
aadiiiofficial,1168
wakandaforever,1169
jayansh,1170
wakandaforever094,1171
skie0125,1172
creator,1173
Sauarv0699,1174
Siddharthgupta,1175
ayooluwa904,1176
baadshah97,1177
preet_05l2f8c8i,1178
yashdeep,1179
sudharsan,1180
pranav12345,1181
Bk7228,1182
Deendayal85,1183
arjuna90040,1184
degu_02f0c6l0i,1185
priyanka_00f3c5l1i,1186
Ash20,1187
abhinaya_01l7f5i7c,1188
Ashh0920,1189
gouravJoshi,1190
Rishwanth,1191
payal_05l3c8i3f,1192
rahul7,1193
naveen_02l8c7i1f,1194
shree_abhishek,1195
hardik_64,1196
nfdtrmy4ng_08i7l7c2f,1197
mahendra_08l0i0c8f,1198
Minal,1199
raphael_07l3c9f8i,1200
ankur_raj,1201
sri_vardhan,1202
lathvika_05f7i8l3c,1203
ajay_singh,1204
ashwini_08f8l7c7i,1205
uday1234,1206
yashdavkhar10,1207
mohammed_07i4f3l9c,1208
shree_09c7f5l1i,1209
gautham_07c5i0l6f,1210
bhavishy,1211
thakurmayanksingh,1212
Arjun,1213
suraj8433,1214
amnraj,1215
ash,1216
kodali_07f0i5c7l,1217
isha2024,1218
eshan276,1219
shown_00c7f6i8l,1220
xyfer,1221
Liana,1222
anusha_08l4f4i3c,1223
ishika,1224
bat_05f8i2c3l,1225
ankur_raj_,1226
vaishnavi_03i4f6c6l,1227
MinalJoshi,1228
sameer_03l1f7c8i,1229
yut_02f7c2i3l,1230
vardhan,1231
yellow_02f4c7l1i,1232
naren_AG,1233
2001__02f6c6i0l,1234
Vyshak,1235
rajnandani_2004,1236
aryan_00f2l6i5c,1237
aryan_00f2l6i6c,1238
vanshika_09i0l5f1c,1239
er_abhishek,1240
sanjana_21,1241
Saga,1242
Riyanshi,1243
amritsundarka,1244
rahul_74,1245
Pichika_Srivalli,1246
sanskrit_18,1247
ajibur_04i1f3l1c,1248
qr2znrm9hb_00f5l6i9c,1249
shannu,1250
priyal101,1251
sonit_06i9l2f5c,1252
gkf96pv7q5_08c3f5l1i,1253
devrajoriya,1254
naresh_09i3f7l3c,1255
yuvraj_01i9l5f7c,1256
master,1257
shikhar_08c7i8f8l,1258
illusion_06c9i3f3l,1259
satya_02f0c3i0l,1260
satyadevavarapu,1261
shreyasempowerverse,1262
nb5hbkfr47_09c7l1f8i,1263
sush24,1264
jatin_06i0c0l7f,1265
adityaa,1266
vishnuhari17,1267
harshit_09f7c9i7l,1268
tejas_04f8i0c5l,1269
Sahil,1270
atulguptag,1271
atul_guptag,1272
garvit_24,1273
Chidvi1804,1274
Chidvilasini1804,1275
garvit_25,1276
garvitng_25,1277
yshubh12,1278
badalsingh,1279
kullayi_09c8l5i3f,1280
ahune,1281
piyush27,1282
kairav,1283
arcane_v7,1284
subhradip_32,1285
ganeshreddy,1286
khushalj728,1287
subh_2005,1288
khushalj287,1289
hvrashmi06,1290
nandini_437,1291
rosansen7,1292
rosansen788,1293
neelraj,1294
imr,1295
jainildesai05,1296
eesha_03c8f5l4i,1297
trijal_00f4i0c4l,1298
devi08,1299
harsheetakhandelwal,1300
gajendra,1301
rocky,1302
pradhaph,1303
KaushikShahare,1304
naga_07l8c7f8i,1305
krishna123,1306
zenithshot,1307
empower,1308
power123,1309
q_03f1i5c6l,1310
rohan_04i8f0l7c,1311
itsrohanyadav20,1312
bharat_bairwa,1313
frozenfire,1314
shashank_06i3l2f0c,1315
Atharvk,1316
romano,1317
omkar_kurade,1318
sakshi_07f4c6i4l,1319
hemalatha,1320
gajendra123,1321
beast_03l4c0i3f,1322
jatin33bott,1323
hyper,1324
Nikhil123,1325
ogaji_04f2l7c6i,1326
swapnajit_02f9c0l9i,1327
Bdogg,1328
aarushirm,1329
hani_02i9c1l2f,1330
abasss00,1331
vamshiknayak,1332
hani01,1333
Dagmam234,1334
Jo_black_lee,1335
mustapha_00c6i0l6f,1336
devshah,1337
dyt2dczdbg_07i2l1c8f,1338
benny_00l4i2f7c,1339
5mkhw2rfj4_08l8c4i4f,1340
4kr8tw9h44_05f5l1c3i,1341
sbbfh4jgnb_04c1l3i7f,1342
alberto_07c9f3l7i,1343
get,1344
hajajz_03l1f5i2c,1345
gouanfo_02i3c9f8l,1346
tf_08i1f4l3c,1347
testing,1348
neil_07c4l7f3i,1349
ersin_00c3i4f4l,1350
Gadayhan,1351
hassan_03i7c3l3f,1352
rashid_07i4c9l7f,1353
h5mjpztb4b_00f4c0l9i,1354
z2nshptmp9_06l5f4c6i,1355
muazuhajara,1356
mad_05i2c2l0f,1357
Alireza9819,1358
mahakem_04l0c3i5f,1359
imran_05l3i5f7c,1360
Julia,1361
Gatri,1362
blau,1363
96q58nyv8s_08i4f3l9c,1364
bukhari18,1365
zen,1366
vitoriappprata_07l0i4f2c,1367
lawrenzy,1368
anter_08f2l4c4i,1369
rebecagris,1370
kate_04f7l8c5i,1371
cjcg2s4m7q_08l0c4i8f,1372
tecknosparkkl5k_03l7c1f3i,1373
ruoshui,1374
hi_03i4l3c3f,1375
Kovace,1376
my4zskq4jt_07i4l9c6f,1377
adarsh,1378
shivam__008,1380
flic,1381
bhumit_00i1l1c5f,1382
bhumit,1383
b4cmf8hmsx_06i2f1c7l,1384
faria_02l0f8c5i,1385
kgypxp5cyw_07f9i8c4l,1386
Asifalinaz,1387
muhammad_02f6c3i7l,1388
suresh_01i0l7f8c,1389
Davison,1390
j_03f7c5l2i,1391
lucian_07i6f1c4l,1392
mrwiza69_08i5c2f2l,1393
dumdum_00f7i2c0l,1394
tom13,1395
dvtz9dh5gm_09c5l8f3i,1396
shivam,1397
pruthvi_01l9i3c2f,1398
hututu1990,1399
rorlax,1400
ruben_00i2l0c7f,1401
Thompalmer,1402
junior,1403
nicholas_09c8f4i2l,1404
drayton_03f8l7i9c,1405
mgrm_05i9f3c6l,1406
r420_03c5f4i9l,1407
dademurphy,1408
noah,1409
xxf7jy5px8_00i4c8f5l,1410
alpha_06f7c4l9i,1411
kinha,1412
kinhasachin,1413
testing,1414
adarsh123,1415
navanth,1416
navleshji,1417
navleshji123,1418
test,1419
janet_09c4i0l7f,1420
qgtpwykm25_07l3f9c2i,1421
xryptonsol,1422
mohammed_07f4i2l3c,1423
ronald_06l5i6f6c,1424
7dkpbvnrn6_01f4c0l6i,1425
qyrm52qnjf_08i3f7l7c,1426
samuel,1427
b6srykhrrp_02l1c9i4f,1428
2cghfzmtvd_03i9c9l3f,1429
wqmrxg7pc8_01l3f4i0c,1430
sandro_07c6i2f9l,1431
2n2w85nw7k_00i1c8f1l,1432
ngamidimba_04c4l3f0i,1433
ilterayhan_isik_08i3f8l6c,1434
Jerry,1435
hjbf8n9n2j_05l9f8i5c,1436
truvue,1439
hansenhelen1_09l3i7f3c,1440
s8nnykfmhh_06l1f0c1i,1441
j85qgdfzkr_04l5i1f2c,1442
652gn95bvp_02i4c0f2l,1444
shayana_02f2l1c2i,1445
monis.z.786_09l7i0c0f,1446
bautista_05l0f9i4c,1447
srrd4tnn9v_01i3c2f1l,1448
sggw6yycj4_08c5l2f7i,1449
kenny_04l4f7c2i,1450
james_02i1f3l1c,1451
tmdrjsnbbb_05c1i3f6l,1452
matt_03l9c2i8f,1453
m_09f2l9c6i,1454
42rqq8p4s5_07c0i9f7l,1455
jkvrr4fd8w_03l8f3c0i,1456
tenztan,1457
ansh_07f4i5c9l,1458
7df5yz226h_09f1c5l1i,1459
rohan_09i5f0c9l,1460
peter_05f7l2i2c,1461
brandon_01i3c8f5l,1462
beydaan,1463
john_06f3i9l3c,1464
gbb4yjmy9r_04i5c0f7l,1465
Prasant,1466
venisa_06c3f2l4i,1467
kirk_03f5l8i0c,1468
kaveri_01f9i8c0l,1469
bqngngfnt2_06i3l2f5c,1470
zhao,1471
lindairby,1472
aarushirx,1473
john_02c9l9f0i,1474
görkem_02c6f8i6l,1475
kyaw_05f4l3i3c,1476
malena_03i9l1c5f,1477
elonmusk,1478
paula_04l6c7f0i,1479
8nnzs526xj_01f8i2l8c,1480
treasure,1481
valerie_00l6i9f8c,1482
mirosław_09i8c5f9l,1483
yakatyansh,1484
amit_08l9i6f6c,1485
Tankeshe,1486
shivam_test,1487
pheonix_06i2f4l0c,1488
prasant_02c2f8l9i,1489
bucky,1490
Shubham1134,1491
Jonathan,1492
shivam_009,1493
yxzasd,1494
abcd,1495
zxcv,1496
assdd,1497
uditudit,1498
shiii,1499
firstna,1500
hiiiii,1501
qwer,1502
fggg,1503
yuss,1504
tsssss,1505
lighting,1506
tytytsys,1507
ghhhg,1508
fcgv,1509
jackson_08l5f4c5i,1510
saif_02f6i4l7c,1511
izihodl,1512
sunday_07c7l9i8f,1513
n9h2rf6zpp_03l0i5f5c,1514
Casseynk,1515
27vj8gzjtg_09c4i4l8f,1516
navlesh0603_02c6f6l9i,1517
kbc4f8htfk_07i7l7c2f,1518
chef_07f0i1c7l,1519
debarshi_08c9f9i3l,1520
test8,1521
Crypter,1522
kellythameling,1523
Timulf,1524
tim_05c7f0i0l,1525
issouf_04f6c6i9l,1526
joshua_08c9i3l4f,1527
wjpxgmvkjj_03l9c4i4f,1528
miracle_05l0f2c7i,1529
9wwmmp9p6n_03i8f3c3l,1530
rewind_06f8i4l3c,1531
yuguda_04f1i5l4c,1533
d599dmrmbq_04i9c0l7f,1534
nzubechi_06c3f4i9l,1535
j._06l5f8i6c,1536
bitcoin_01c1l9i1f,1537
yetsua_02i4c9l8f,1538
salisu_04l9c9f0i,1539
prasanth_04f4c0l1i,1540
adeola_05i9l3c9f,1541
katoboy,1542
john_01c2f1i3l,1543
njww9mzvgx_03c7f9i2l,1544
mirjana_05l7f8c9i,1545
david_08f1c7i4l,1546
6zz6nydry2_06l0i8c2f,1547
benjamin_01c4l1f3i,1548
46qxd99jr7_02c0l0f5i,1549
john_05f8l7c7i,1550
sergio_07l6f5c6i,1551
avi_ace,1552
mianbilal,1553
shuaebutaheersaleh_08i1c2l0f,1554
hadjikedirokelo,1555
drerfan,1556
aryan_08c1i2f7l,1557
Adekunle,1558
Yhortaguez93,1559
noah_09f1i4l6c,1560
nasir_00l3c3i6f,1561
tony_07c6l4f2i,1562
mzeebraa,1563
roman_02f5c5l0i,1564
b_00c8f5i6l,1565
todkar_07,1566
Master1385,1567
kevin_08i7l4f4c,1568
yamil_08c5i8l9f,1569
pschvfvhfb_04l6i0c7f,1570
jamaluddin_09l8c8f7i,1571
sadiq_08c5i0f8l,1572
chat_02i7f2c3l,1573
atikur_02l8f5i1c,1574
Kizokingsman,1575
lydia,1576
j476cbz24c_03c8i7f1l,1577
Khanusia1,1578
akshay_09c8l7f9i,1579
kadri_02i7l9f5c,1580
Aliousady,1581
mukhtar_09i5c4l5f,1582
mohammed_06f2l1c4i,1583
norhan_02c2i9f3l,1584
nourhan_06l4c5f4i,1585
james_08l2c8i1f,1586
richard_09c5i2l2f,1587
jamesboniface,1588
nsdnm79ng2_02l7c8f8i,1589
nuage_06f5l0i9c,1590
ahmad_04c1l1i9f,1591
stas_03f4i1l1c,1592
lapislazuli,1593
Donraph,1594
élément_01i6l8f5c,1595
baluking_06l0i3c7f,1596
patrice_02i7l0c9f,1597
saqib_01i2l7c7f,1598
dugbo_05l1c6f4i,1599
sharafat_05i6c4l6f,1600
Davidson,1601
mony_08f4l4i0c,1602
Suleiman,1603
Shreyyy,1604
jim_03i0c7l9f,1605
bitew_03c2f8i0l,1606
tori_09i4c2f6l,1607
test08,1608
Oforma123,1609
aditya_08c3l5f4i,1610
getas19,1611
knv8jb82v6_08i7c0l8f,1612
Trash_Can,1613
vaishnavibhavsar1510,1614
john_08i7c3f3l,1615
Omid6002,1616
iliyasu_03c4l8i1f,1617
raaazanwar,1618
dave_07f6l8c5i,1619
junaid_01i2f6l7c,1620
uzochukwu_08i9l1f0c,1621
BossaloMW,1622
dojs_00i0l5c9f,1623
yogita_08c5l1i9f,1624
pcgqz7r4kx_05l4i2f9c,1625
pratapkumar_03f2l7c1i,1626
koua_01c2l7i6f,1627
ghislain_09f8l0c1i,1628
azhar_04f3l2c6i,1629
tiziana_02i1l8c9f,1630
emmanuel_01c1i8f7l,1631
duo_00l5f0c7i,1632
rampoetsi_03l7c5f3i,1633
joseph_08f0l1i2c,1634
Haneefrajper,1635
saria_00f2c5i4l,1636
ishikabansal,1637
xbass_03f2l7c5i,1638
crown13,1639
kingRocky,1640
zain_05c6i1f0l,1641
kamal_05i0l2c5f,1642
merck_02i0f0c7l,1643
vible,1644
victor_06c5i4f0l,1645
Ameer,1646
Kanha01,1647
ali_07l2f8c3i,1648
phillipbrady101_09l6c5f0i,1649
haruni_08c2f8i8l,1650
hidy45,1651
md_07c6l3f0i,1652
taiwo_03l3f2i0c,1653
bobiwine,1654
tuporilchik_03c3l0i5f,1655
rgbgb_09l5i3c0f,1656
hasnainbakroliya,1657
piotrek_00c0l3i6f,1658
honey_09f1l5i8c,1659
BaronLee,1660
siyam_09f2l0c1i,1661
RaoTalal,1662
japari_05l8i7f1c,1663
naseer,1664
ghufran_06l7c2i3f,1665
anuoluwa_05l0f7i8c,1666
riya_09f0l0i8c,1667
usman_04f1l6i3c,1668
ojobo_09c0f1l7i,1669
ANTHONY,1670
Shady,1671
richard_03l9c5f9i,1672
Jaytv,1673
violeta_09f6l2c6i,1674
oussama,1675
dark_02l0c5f9i,1676
abdullah_04i3f4l8c,1677
muses,1678
favour_04c9i7l8f,1679
Shugar,1680
timechange,1681
qhc9gj4pkj_03i9f1c6l,1682
emmanuel_05f8l6c0i,1683
skyvie,1684
akinyanbola_05c8f5i6l,1685
4bwkyk5m52_01i8f3l9c,1686
jrqk7byyhc_08i8f6l5c,1687
muhammad_01l0i1c6f,1688
ayodele,1689
avn,1690
milka_00i4f0c7l,1691
UmarFarooq,1692
Agobil1,1693
kulvinder48f,1694
Apha001,1695
rahul_07l3c7i3f,1696
4pzx7xfvjt_06l7c4i7f,1697
kali_02c4l2f9i,1698
stanxin_00l1f0c4i,1699
fayaz_05i4l2c4f,1700
brad_05i0c8l5f,1701
hadi,1702
michaelfundz,1703
p_09f0i8c4l,1704
mukthar_03i5c6l2f,1705
PeakyBlinders,1706
desisa_08f0i0l7c,1707
waziri_01l2i4c4f,1708
khurram,1709
Phinxy,1710
special,1711
hafeez533,1712
same,1713
phone_06c1l2f5i,1714
j5fz8qnq95_04l8i3c4f,1715
Jeny,1716
skw2j8cjhv_05f3l0i1c,1717
rana_01c8f0i4l,1718
mohammed,1719
phv9p6tv8x_01l9c4f0i,1720
venkateshwaran_03f1i0l8c,1721
zaharadini_00l1i1c1f,1722
msftjmcntd_05i8l2c8f,1723
6n86jtnpmp_03l1i7f6c,1724
april_08l3i8c1f,1725
Moin,1726
cvwxpn2pyd_04i1l0c4f,1727
javad_03c9l4f8i,1728
abdulmalik_08l6i1f4c,1729
mujeebul_02c2l5i5f,1730
dchcg_01l1f0i5c,1731
6d9fff5vxw_08i8f8c1l,1732
zeus18,1733
Shrek,1734
ehab_09i9f1l2c,1735
mezmez,1736
josef_09l6i0c4f,1737
Nadalane,1738
dewayne_04c7l7i3f,1739
hussendirir,1740
cheikh_02f0l1i4c,1741
med,1742
shaekty,1743
Aetee80,1744
c/xakin_08l5c9f5i,1745
muhd_09i1f7l2c,1746
rmb6szs4v2_00c7i0l9f,1747
bbg2dg9gj4_04c7f9i0l,1748
stickygreengrows_03f4l5i9c,1749
faheem_04f3l2c6i,1750
sahil_07l4f3i5c,1751
kedir_04f4c2l8i,1752
fawagreen_00l8c8f8i,1753
Bintazahra90,1754
amine_03i7f7l8c,1755
luelor,1756
yarichin,1757
wsv7yttxrc_08c2l6f8i,1758
makrem_09i9l7c8f,1759
collins_05i3c6l5f,1760
Integrity1,1761
muhammad_08c5f4l9i,1762
ali_09f0c7l4i,1763
lala_08i1l4c9f,1764
designer_00l6c3f8i,1765
biruk_02i6f1c5l,1766
jï_07l4i2f4c,1767
tyler_06c9i1l6f,1768
h25g5c4csm_09c1i6f9l,1769
ivano6541,1770
mike_01c2i5l1f,1771
shubham_06c9i5f6l,1772
ravikiran_02i3l6f9c,1773
xiao_01f5l8i3c,1774
shahbaz_05i5l2f4c,1775
omid_02c4f4i5l,1776
gulmablk_07l7i4c3f,1777
chevy_04c8l6i1f,1778
jg48bnr9tv_08f7i0c0l,1779
hamza_07i0f7c0l,1780
treetop,1781
dontax_04f8i0c2l,1782
md_08i6f1c2l,1783
zeynep_09l2f9c5i,1784
morgankats,1785
bdavis101,1786
zmjz67yhcf_06l4f2c2i,1787
ali_03l7f7i0c,1788
bradley_01l7c9i8f,1789
josh_00c6f4l9i,1790
d7x64vw8vx_09c8f6i4l,1791
pushpak,1792
budiono,1793
nilesh_02f9l5i8c,1794
cz6mgqgdh5_05i4c5f7l,1795
chan_06c8l3f0i,1796
ian_00l8c0f8i,1797
larry,1798
tyler_02f3l0i7c,1799
stephen_00c4l5f1i,1800
imran_00c0i6l6f,1801
naomi_05c2i2l3f,1802
asande_01c5l2f6i,1803
Salisu,1804
ynt642nw2b_05f6i4l7c,1805
zjkfg5zzhc_01l4f6c6i,1806
Kat,1807
dave01,1808
kubilay_04f8c3i1l,1809
ray_05i8c7f0l,1810
c85ksfphpk_03f6i1c8l,1811
8b277jxkrm_01l7c6i2f,1812
usethisforappaccountmezz_01c8i2f8l,1813
mqkkr5dgw4_02f6l0i7c,1814
chyx,1815
sam_01f4l0c3i,1816
graysquirell,1817
mdjjy6f6hx_07c8f0i8l,1818
oladimeji_07l0c2i4f,1819
k2bx4y4wgs_06f3i7l8c,1820
9zk94gc4b2_04i9c0l3f,1821
vineetkumar_08f6c7l2i,1822
belkiss_09f8l7c4i,1823
bjfmzfddys_04l0i7c8f,1824
dwight_04c8f3i5l,1825
amc4hire,1826
ebnrushd,1827
aaron_09f3l9i6c,1828
aaron_05l1c4i8f,1829
lonnie_03i4l3c4f,1830
John,1831
Jdogg212,1832
kbjsgdvmbj_06f0i8c9l,1833
emeka_00f9l4i1c,1834
nagrikar1403_01i2c2f9l,1835
pvk5nb9br6_08f8i0l2c,1836
jaron4678_02c9i8f2l,1837
7bjy9qdmkp_00l2i6f0c,1838
michael_08i6l5c0f,1839
Max,1840
crishu_04i9c9f4l,1841
juannuila,1842
test20,1843
Sara,1844
june,1845
lee_01,1846
lee_02,1847
lee_03,1848
lee_04,1849
lee_05,1850
saumya,1851
s4rsw7swz5_03c6l4i1f,1852
raku,1853
rani,1854
dixit111,1855
aaabigail1_00c7f8l3i,1856
4b79ycgnhh_08f8c0l6i,1857
shiv_04i9l1c0f,1858
james_04l4c6i3f,1859
esteban_09l5f8i5c,1860
sagar_07f0l5c7i,1861
sailikith,1862
subhanullah,1863
hamed_02i7l9c1f,1864
tkryan007,1865
victmeto97,1866
god,1867
tk007,1868
anon,1869
wrkhrd4it,1870
TrashToTreasure,1871
Tkryan,1872
bqskfmbgvr_00f2i3l8c,1873
j476cbz24c_02c4i8l0f,1874
clarence_05i0f2c7l,1875
hassan,1876
abhishek_07i0c0f4l,1877
michael_07i0c1l9f,1878
pavlo_01l2c4f2i,1879
schwonk,1880
malik_05f2l5c9i,1881
nika_00l2f2i1c,1882
darius_06l8c0i6f,1883
sachin,1884
test31,1885
test32,1886
marian_08l6c9f8i,1887
qwerty_09i1l5f5c,1888
brett_02c2l6i7f,1889
rizzler,1890
bob_09c1i0f1l,1891
rrrsrw8txv_03c6i8f6l,1892
eugeniusz_03f3i3l1c,1893
nzt,1894
dyor,1895
9mrfx8vpwd_05f9i0l7c,1896
CHIMACO,1897
test34,1898
gogi1337,1899
sachin_01,1900
sachin_03i7c7f9l,1901
test322,1902
vaishnavi_06c4f0l6i,1903
Blacksun,1904
test36,1905
test37,1906
sachin_09l0c1f6i,1907
test38,1908
test39,1909
sachin_03l4i5f2c,1910
test41,1911
Jispy,1912
akseli_06i9f7l9c,1913
max_03l9c1i3f,1914
xwtrjjhmpv_07l3c2f9i,1915
max777,1916
GEAUX,1917
Dononem84,1918
CarlosA_crypto,1919
AWNY,1920
2ccfngr75p_09c9i5l6f,1921
ncn4rjhvxx_06f2l9c3i,1922
kes,1923
a_05f1c4i9l,1924
mikeymike1186,1925
Gency,1926
Proph3tB3ar,1927
huseyn_02i0l3c2f,1928
yns04970,1929
em_06l4f2c6i,1930
rina_09l6i5f2c,1931
zqsyj82hsd_03f0l8i1c,1932
d6wqbz9fjb_01l9c4i7f,1933
Abubakar,1934
avn,1935
manny_00i8l1c3f,1936
M55Ch,1937
amir,1938
amanda_06f9i4c5l,1939
Bruce,1940
ugo_03l6i2f9c,1941
sherin,1942
vedant_02f9i4l4c,1943
sherinkodakkat,1944
alfiya,1945
enzo_07i3c9l8f,1946
adam_07l2i0f5c,1947
faisal,1948
z9ptsr82sb_06l9f3c4i,1949
Alphartcoin,1950
roy_s,1951
testing1,1952
c7s4vkmzfm_00c4l1f0i,1953
Buzzy,1954
Tragan47,1955
jubayerrhaman,1956
binance_08c1i0f3l,1957
amerika_05l4f9c6i,1958
2nkdf4j2dk_08c9i4l2f,1959
cvhwks4sfw_07f3l0c3i,1960
gr8catdad,1961
ambelutewachew9,1962
userx,1963
Alfi,1964
test_05l1c6i5f,1965
jeff,1966
solanasherrif,1967
rvysyfr8fh_05f0l5c0i,1968
sisi,1969
avo_00c0f5i4l,1970
daryl_09c9l3i0f,1971
dopecollector,1972
william_06i4c5f2l,1973
todkartest_01,1975
gude_00f0i4l3c,1976
KinbariiArt,1977
DiamondNuts,1978
jdptnqrxwf_00i6c3f5l,1979
kqp27n4c7g_02c5f4l4i,1980
iván_09c6i8l2f,1981
rishabh,1982
rishabhsaxena99_03f5c5i1l,1983
vikram_06i5l5f4c,1984
guruvugari_01f3c3i5l,1985
rishabh,1986
vinod_08c7i0l9f,1987
9q5ym8kddt_03l3i1c2f,1988
caps,1989
curtis_08c3i3l3f,1990
sumaira_02c5i8f9l,1991
Barnabas,1992
pnc8m7kfbq_09c7l0f2i,1993
dm76bftnns_03l7i1c2f,1994
luis_04c5f0l3i,1995
richard_05c5f9l4i,1996
Shwet_30,1997
shweta_01i4f7c6l,1998
shayla_03f6c7l8i,1999
Jairs,2000
nhsmr7g87t_09i9c4f6l,2001
aaron_09l0c9f1i,2002
fvv2n7nqck_02f9c6i4l,2003
CBuzza2,2004
temp,2005
chaitanya_03i0c9l0f,2006
2hccgw2dtd_00i8f6c7l,2007
Martinsgfx,2008
domdollas87,2009
02bcb8,2010
ff75cd,2011
738bdb,2012
0cffe4,2013
08346f,2014
781285,2015
2205bd,2016
Sarah_1509,2017
SanjayRoy,2018
raclette,2019
0e8cb5,2020
Mazad,2021
6f29b6,2022
stonecoldx,2023
c4fb80,2024
cee7f0,2025
5cbd66,2026
1cda4a,2027
493500,2028
6369a6,2029
manic419,2030
1a19ad,2031
57a035,2032
daac92,2033
abyyy,2034
user_062790,2035
user_645351,2036
user_496699,2037
user_d6a5f2,2038
user_462320,2039
user_acc021,2040
nakul,2041
user_ebde22,2042
user_e5f0dc,2043
user_c7d702,2044
user_944a25,2045
user_174f13,2046
user_cd57f5,2047
vaibhav128,2048
user_26af62,2049
user_4ac796,2050
user_d4b13d,2051
rblakely,2052
Sanawia,2053
LINCOLN,2054
user_bfb3c6,2055
user_8889cf,2056
user_341074,2057
nomankhan,2058
user_fadb69,2059
AGoodYear,2060
user_6730dd,2061
postbox,2062
user_f25d3a,2063
RudyPrudy25,2064
user_92ae58,2065
user_da2e54,2066
user_58cbfa,2067
writer,2068
user_01a3d5,2069
user_536024,2070
user_9b2d02,2071
user_cde488,2072
SRogers,2073
user_846a38,2074
user_a51fbc,2075
user_618f51,2076
user_ffe4d9,2077
user_00747e,2078
user_6bbf32,2079
Anudeep,2080
user_c947de,2081
user_9bc4ac,2082
user_d42b78,2083
Prabhas8010,2084
user_7e712c,2085
Vedant_edits,2086
user_649f04,2087
abwavy,2088
Rutuj23,2089
Aarya19,2090
user_9d6fee,2091
hemangi03,2092
user_a5f4b3,2093
user_8cb535,2094
user_ff8980,2095
user_f6c8f0,2096
user_135ee9,2097
mkonca1,2098
user_45626d,2099
RegMan,2100
rishy,2101
hiilll,2102
user_24f85d,2103
Josephvfx,2104
user_9e25e2,2105
user_ebb955,2106
Jatin_Banga,2107
user_a7e9b3,2108
user_95e73f,2109
user_5cb291,2110
user_30f87e,2111
is_haaa,2112
user_a4b024,2113
user_e96f57,2114
user_4d5fa9,2115
bloom,2116
user_547877,2117
jundoima,2118
user_9da700,2119
ptter_lalita,2120
amelia,2121
lean,2122
walker_nath,2123
user_4b8eef,2124
Ekta,2125
user_e6c8e5,2126
user_b24c22,2127
yash,2128
user_3bc4a3,2129
user_895ca5,2130
user_928f55,2131
user_866e3d,2132
user_04fc5a,2133
Ahmed,2134
user_12a03f,2135
user_710f7e,2136
user_430601,2137
piyush,2138
user_60da42,2139
manikanta_thummuri,2140
Shadow,2141
user_3dd1b8,2142
user_068c5a,2143
user_9c6cf3,2144
user_115cb9,2145
user_3c6fe2,2146
user_711845,2147
kksehrawat,2148
RepariGamer,2149
dannyboycrypt0,2150
user_b57d3d,2151
user_882e47,2152
user_aa1c9a,2153
gupta,2154
user_4fc1d1,2155
user_e977ae,2156
user_f7a957,2157
user_37d446,2158
user_f1a6e9,2159
user_0f18c3,2160
user_0805a8,2161
tonystark1,2162
user_011dbf,2163
llama,2164
user_80c0e1,2165
user_208701,2166
user_37e333,2167
summit,2168
user_cedc25,2170
user_da40de,2171
user_90096c,2172
user_b1fe7a,2174
user_b0c035,2177
user_238d40,2178
user_5834ba,2179
user_289037,2181
user_a0d8f6,2182
user_0d81dd,2183
user_0bfddd,2184
user_d87f75,2185
nidhi1,2186
nirbhika,2187
user_c60919,2188
user_fe8c7e,2189
Akanksha,2190
user_c68140,2191
user_2810d2,2192
eida_amin,2193
user_ef4741,2194
user_add7b3,2195
user_d433fe,2196
azylas,2197
SpongeyTAA123,2198
user_32e802,2199
user_9757ad,2200
user_173cf8,2201
user_196f65,2202
user_fca563,2203
daniibabanii,2204
Bridget02,2205
user_98b6d6,2206
user_60f323,2207
user_fafe4f,2208
user_117d89,2209
user_0b7ba8,2210
user_bc9240,2211
user_cd66f1,2212
user_4102a6,2213
anggiindah,2214
user_e312ec,2215
mjohn1970,2216
GlobalRabbi,2217
IanAdams44,2218
cutrushstudio,2219
user_82e31d,2220
Ifunanya,2221
GodsChild87,2222
Cyrus,2223
etzaint,2224
stevedoesedits2,2225
user_7760c6,2226
user_e0b79a,2227
user_f81dac,2228
akashsilam,2229
paperlord,2230
gendawg,2231
ChrisDefi3,2232
ChrisDefi,2233
user_7bcb7a,2234
COINFOCUS,2235
jbnikky,2236
Washly007,2237
Buffster855,2238
AttainmentX,2239
Coolious,2240
stecojnr,2241
user_431e92,2242
user_b5edd1,2243
user_3ab873,2244
editsbyharrt,2245
taj,2246
user_039a7a,2247
user_4bb8d4,2248
user_23db4a,2249
user_27692b,2250
DrKongRKL,2251
user_4814a3,2252
user_dc5ae4,2253
OUTLAWZ,2254
user_a24eae,2255
